PhotonEnergy_eV,1s1,2s1,3s1,4s1,5s1,2p1,2p3,3p1,3p3,4p1,4p3,5p1,5p3,3d3,3d5,4d3,4d5,4f5,4f7
1000,570393.645294227,93305.1389759916,73183.534115317,39234.0289213687,14306.6191831938,1531326.08771779,4781472.34428506,85732.1328471437,346121.695209754,33674.5512221681,157238.35217288,12607.4338858092,48827.8632175047,2436264.66035449,3993000.64743934,224544.106155437,365092.698166981,598495.273360196,837592.123049493
1050,564220.341125769,91972.3619106811,70970.654803442,37561.0967532042,13416.990158237,1480306.53734498,4571979.50015116,83818.9471852581,334828.189677641,32738.8280344162,149888.749467379,12077.107547041,45926.2390160091,2267294.64406132,3700533.51647987,212648.380965763,344535.626155629,533738.421057987,745655.306152621
1100,558139.993890932,90666.261198209,68855.7602280299,35992.103948296,12609.9875949742,1431526.90321081,4374489.23713987,81962.8494666632,324025.239932146,31838.4470248564,143005.37817442,11578.5766351784,43264.9394938465,2112984.95222848,3434784.14519655,201549.544931474,325439.380025116,477400.596099025,665841.274845557
1150,552150.813539631,89386.1517672397,66833.1751277901,34518.6479263967,11875.5622995335,1384865.64923877,4188156.59907975,80161.7133069195,313686.353025997,30971.7276957061,136551.147379798,11109.3869512689,40818.7104161024,1971817.83440176,3192846.60250121,191183.375188352,307679.261269195,428212.446668545,596296.710369355
1200,546251.05194472,88131.3699760921,64897.6281840237,33133.1564421131,11205.1583574748,1340209.0654212,4012206.88118211,78413.5070380192,303786.740663061,30137.0855589454,130492.494498246,10667.3144960513,38565.4867979837,1842457.19321364,2972179.70251153,181491.673122282,291142.94475795,385121.120810466,535488.727986212
1250,540439.001747092,86901.2728237657,63044.2180636424,31828.7911781002,10591.4533614049,1297450.68625251,3845928.91817521,76716.2888087584,294303.192274611,29333.0257494634,124798.996525784,10250.3401892144,36485.9256677707,1723724.01230317,2770555.33835963,172421.621960249,275729.084559984,347249.25272927,482143.358339023
1300,534712.995237332,85695.2371943322,61268.3827423837,30599.3641353908,10028.1500357089,1256490.7580266,3688669.09468684,75068.2019732473,285213.958802171,28558.1371218718,119443.029783563,9856.62775597269,34563.0162999055,1614575.47762822,2586014.93770652,163925.220880265,261346.095051664,313862.458381767,435196.960422655
1350,529071.403272607,84512.6591331012,59565.8717513522,29439.2649171537,9509.80793039053,1217235.75042813,3539825.99167058,73467.4707486029,276498.646180058,27811.0867899946,114399.471421287,9484.50433683374,32781.7536443463,1514087.18338273,2416832.64151832,155958.785597653,247911.083053598,284343.428162453,393757.622693424
1400,523512.634227536,83352.9531530538,57932.7210330842,28343.3973147575,9031.70659414269,1179597.90831743,3398845.59394631,71912.396124249,268138.117615007,27090.6150718765,109645.436974717,9132.44344511668,31128.8635601413,1421437.92262198,2261484.06867985,148482.506821627,235348.910390702,258171.165753448,357074.3278585
1450,518035.132977848,82215.5515701139,56365.2301306972,27307.1238616222,8589.73365781665,1143494.84002619,3265216.99360053,70401.3520065124,260114.403852725,26395.5308065996,105160.049128066,8799.04995388765,29592.5707124824,1335896.65063535,2118619.73767668,141460.059190638,223591.369333693,234904.264914746,324512.188798256
1500,512637.379915655,81099.9038659076,54859.941466177,26326.2172317981,8180.29276493246,1108849.13885236,3138468.53231123,68932.7815833744,252410.620703376,25724.7070122926,100924.233548794,8483.04684160983,28162.4017614509,1256811.28039567,1987042.38407855,134858.254324317,212576.455950125,214167.372405458,295532.459430261
1550,507317.889995259,80005.4760767261,53413.6214921605,25396.8175350988,7800.22741699658,1075588.03477268,3018164.33282945,67505.1938953123,245010.893171064,25077.0768575025,96920.5382637446,8183.26346566448,26829.0178683051,1183599.02742441,1865687.54757167,128646.732504288,202247.728556836,195640.178370166,269676.321714655
1600,502075.211808384,78931.7502074778,52023.2435262769,24515.3947057756,7446.75765818503,1043643.07368624,2903901.17603799,66117.1605991582,237900.285597482,24451.6299206056,93132.9735519084,7898.62516635393,25584.0716552732,1115738.06878627,1753606.91154212,122797.688240641,192553.740291583,179048.421943699,246551.674610597
1650,496907.926687853,77878.2236694761,50685.9720987095,23678.7153026117,7117.42717794002,1012949.82176506,2795305.68535977,64767.3129128188,231064.737287879,23847.4087141965,89546.8697563965,7628.14403216082,24420.0846409976,1052760.31974945,1649953.96695804,117285.625616195,183447.536366484,164156.51150718,225822.321504057
1700,491814.647838687,76844.4087409692,49399.1486625624,22883.8131393251,6810.0589128536,983447.592722394,2692031.78492731,63454.3387295441,224491.003139349,23263.5054534352,86148.7507798739,7370.91068081473,23330.3418846356,994245.163570543,1553971.64464709,112087.139844037,174886.207875853,150761.444710669,207199.083154627
1750,486794.019495702,75829.8320493746,48160.2785332185,22127.9632488409,6522.71761848147,955079.196019671,2593758.40195133,62176.9798912187,218166.598837714,22699.0590491717,82926.2213345546,7126.08693084626,22308.8011444761,939813.996196258,1464981.61925628,107180.721939377,166830.495144586,138687.77948425,190432.463587407
1800,481844.716106677,74834.0340742321,46967.0189374666,21408.6587561767,6253.67818505943,927790.704221092,2500187.38722959,60934.0296108655,212079.75023071,22153.2523083383,79867.8662788792,6892.89925539551,21350.0143206268,889125.469465432,1382375.0367708,102546.583806668,159244.434551863,127783.458537279,175306.573975734
1850,476965.441540232,73856.5686699404,45817.1680660205,20723.5902947178,6001.39870892752,901531.237873296,2411041.63078841,59724.330035226,206219.346522317,21625.3093256051,76963.160595565,6670.63292458345,20449.0593282631,841871.334482653,1305604.4574879,98166.5013869039,152095.043574893,117916.329826562,161634.079899234
1900,472154.928317556,72897.0026073894,44708.6550343825,20070.6276514176,5764.49751904696,876252.76643904,2326063.35231254,58546.7699388964,200574.896966335,21114.493051659,74202.388755949,6458.62675516192,19601.480855596,797772.801892098,1234176.83940706,94023.6738066421,145352.039490446,108971.236801751,149251.984505317
1950,467411.936867192,71954.9151336423,43639.5306670049,19447.8033695083,5541.73350677423,851909.923949653,2245012.54834775,57400.2825420715,195136.49076721,20620.1030247098,71576.5723785081,6256.26839676933,18803.2387128253,756577.348351119,1167647.41440156,90102.5967264622,138987.587766109,100847.5769003,138018.097115864
2000,462735.254802079,71029.8975488678,42607.9590285516,18853.2980739082,5331.98922569414,828459.838163308,2167665.58029844,56283.84344448,189894.759922958,20141.4732529446,69077.4052293586,6062.99009321662,18050.6626857178,718055.90902698,1105614.33231658,86388.9483082366,132976.076683716,93457.2462711195,127808.066017644
2050,458123.696218121,70121.5527997576,41612.2096339005,18285.4273157086,5134.25632340079,805861.972126189,2093813.88903113,55196.4686685875,184840.844769197,19677.9702366774,66697.194732923,5878.2648650449,17340.4129786383,682000.404773918,1047713.96712902,82869.4864127658,127293.915176857,86722.9042021171,118512.877309473
2100,453576.101013542,69229.495088706,40650.6502754764,17742.6297587922,4947.62294370041,784077.977132815,2023262.82346425,54137.2128055958,179966.362005077,19228.9911198662,64428.8092647594,5701.60306632812,16669.4454736847,648221.56008225,993616.795180553,79531.9558062019,121919.351243434,80576.5030889519,110036.740089769
2150,449091.334228343,68353.3494980612,39721.7404126851,17223.45655447,4771.26279968207,763071.556171199,1955830.57190679,53105.167258196,175263.375001469,18793.9619615146,62265.6305882336,5532.54927450395,16034.9811504593,616546.974163817,943023.768803439,76365.0042988477,116832.308621747,74958.0396847736,102295.292980711
2200,444668.285403189,67492.7516287923,38824.0250737077,16726.5617696436,4604.42566847429,742808.337019293,1891347.18612454,52099.4585744196,170724.366209526,18372.3361182448,60201.5108743599,5370.679477041,15434.4791093228,586819.412843446,895663.119843965,73358.1068664026,112014.239702156,69814.4913341166,95214.07878997
2250,440305.867957071,66647.3472529484,37956.1292248114,16250.6937508739,4446.42909962488,723255.754232154,1829653.6891868,51119.2468673038,166342.211503684,17963.5927300263,58230.733811483,5215.59852310474,14865.6127232154,558895.293423937,851287.537013273,70501.4969141181,107447.992892277,65098.9073226015,88727.2436194007
2300,436003.018583144,65816.7919793148,37116.7525666972,15794.6873213,4296.6511627464,704382.939325262,1770601.25909461,50163.7243154189,162110.156307624,17567.2353016879,56347.9793700033,5066.93781216599,14326.2485121451,532643.33851428,809671.668956722,67786.1039408234,103117.692867286,60769.6306825584,82776.4244176917
2350,431758.696662116,65000.7509317025,36304.6647213005,15357.4567199377,4154.52408780616,686160.618519191,1714050.48103061,49232.1137396282,158021.793364817,17182.7903734198,54548.2918383034,4924.35319478536,13814.4273925179,507943.37806607,770609.911674257,65203.4969442632,99008.6323228368,56789.630029672,77309.7952118875
2400,427571.883692631,64198.8984393292,35518.7007759511,14937.9892037849,4019.52867435145,668561.017465008,1659870.66181432,48323.6672517387,154071.042027103,16809.8062740079,52827.0507904766,4787.52306367461,13328.3480025055,484685.281641603,733914.444645851,62745.8329832696,95107.1740101281,53125.9244610266,72281.2473321119
2450,423441.582738089,63410.9177387824,34757.7571549138,14535.3392426271,3891.18936495665,651557.77241885,1607939.20080545,47437.6649709777,150252.128945498,16447.8519510278,51179.9446852881,4656.14661564001,12866.3518461235,462768.005313823,699413.484883308,60405.8103773398,91400.6619741593,49749.08737341,67649.6830938353
2500,419366.817889349,62636.5006870726,34020.7877911333,14148.6232446613,3769.06989398323,635125.847378778,1558141.01208396,46573.4138044825,146559.570057172,16096.5158726726,49602.9468297846,4529.94226720304,12426.9100339,442098.739635404,666949.732279273,58176.6260813967,87877.3410399241,46632.8173835783,63378.4058038488
2550,415346.633742835,61875.347485313,33306.8005735144,13777.0147582291,3652.7694359373,619241.456737444,1510367.99325605,45730.2462882283,142988.153771381,15755.404996295,48092.2934707574,4408.6462086136,12008.6114279528,422592.146863921,636378.983169649,56051.9368238881,84526.2836996539,43753.5664456986,59434.5917534537
2600,411380.094893502,61127.1664125798,32614.8540473253,13419.7401012071,3541.91918875982,603881.993040994,1464518.53669913,44907.5194850396,139532.925265195,15424.143799121,46644.4638034238,4292.01108265577,11610.1520248399,404169.677135718,607568.892061129,54025.8236408093,81337.323649268,41090.2168422807,55788.8321697291
2650,407466.285442232,60391.6735695311,31944.0543473399,13076.0743750771,3436.17933666883,589025.959478119,1420497.07947209,44104.6139365376,136189.171807165,15102.3733669297,45256.1617096957,4179.80477612762,11230.3254313777,386758.954579327,580397.864079804,52092.7594774664,78300.9953056722,38623.8000351284,52414.7350045931
2700,403604.308517155,59668.5926313796,31293.5523451634,12745.3378254946,3335.2363449972,574652.906753681,1378213.68848626,43320.9326660659,132952.409033734,14789.7505368145,43924.299058667,4071.80931318144,10868.0143073354,370293.225480703,554754.062935531,50247.579564489,75408.4787099979,36337.2514516877,49288.5780251165
2750,399793.285808477,58957.654609834,30662.5409938294,12426.8925153809,3238.80054608268,560743.374029201,1337583.67786196,42555.9002298171,129818.368109282,14485.9470904245,42645.9804198238,3967.81984086127,10522.1826649835,354710.861583057,530534.521125028,48485.4543053188,72651.5492865691,34215.196189525,46389.0059862198
2800,396032.357116377,58258.5976236421,30050.2528542472,12120.1392802667,3146.60398087212,547278.833637823,1298527.25569063,41808.9618135521,126782.983706206,14190.6489943517,41418.4890552724,3867.64369819146,10191.8689293061,339954.912445382,507644.340760558,46801.8644396311,70022.5319844611,32243.7613798032,43696.7657661745
2850,392320.679911552,57571.166677384,29455.9577894154,11824.5149388697,3058.39846566593,534241.639304573,1260969.1976864,41079.5823724566,123842.3827465,13903.5556845749,40239.2740712475,3771.09956106919,9876.17967462461,325972.701514494,485995.97484967,45192.5782713171,67514.2593789328,30410.4115857275,41194.4742648453
2900,388657.428908022,56895.1134481806,28878.9608135375,11539.4897347638,2973.95385748895,521614.977623875,1224838.54544808,40367.2458118272,120992.873850913,13624.3793920931,39105.9386215394,3678.01665601062,9574.28396368998,312715.461200958,465508.580097286,43653.6307711362,65120.0333546045,28703.8041453008,38866.4146357194
2950,385041.795647802,56230.1960799985,28318.6000842682,11264.564987533,2893.0564950422,509382.822565639,1190068.32726471,39671.4542064178,118230.937445966,13352.8445070878,38016.229066454,3588.23403650752,9285.408224242,300138.00280318,446107.433382412,42181.3043832624,62833.5900317523,27113.6618167637,36698.3570710402
3000,381472.988097067,55576.1789852451,27774.2450273199,10999.27093405,2815.5077951615,497529.892798926,1156595.29958903,38991.7270564009,115553.216482982,13088.686979147,36968.0250006761,3501.59991637913,9008.83160578502,288198.417607262,427723.405001128,40772.1113819745,60649.0676321065,25630.660464023,34677.4009056737
3050,377950.230253459,54932.8326533615,27245.2945835588,10743.1647425077,2741.12298725886,486041.611638428,1124359.70747474,38327.6005780203,112956.507726786,12831.6537512534,35959.3300720761,3417.97105506293,8743.88176607563,276857.805912785,410292.482585337,39422.7776399263,58560.9770116433,24246.329839886,32791.8352668169
3100,374472.761764181,54299.9334661368,26731.1755695407,10495.828683594,2669.72997041858,474904.069433796,1093305.06242812,37678.6270271244,110437.753574997,12581.5022254062,34988.2635212269,3337.21219028584,8489.93104269204,266080.031104569,393755.34031983,38130.2276829923,56564.1746154957,22952.9657966287,31031.0158873639
3150,371039.837554548,53677.263519475,26231.3411431811,10256.8684447721,2601.16827971225,464103.988235521,1063377.93626388,37044.3740538705,107994.034371759,12337.9997578921,34053.0523782886,3259.19551400131,8246.39297018295,255831.49621484,378056.948702972,36891.5709188012,54653.8376347149,21743.5524842719,29385.256032271
3200,367650.727466668,53064.6104513605,25745.2693669319,10025.9115750197,2535.28814993434,453628.688583515,1034527.76968078,36424.4240869925,105622.561182509,12100.9231823588,33152.0242600647,3183.80018787452,8012.71910777705,246080.940704973,363146.220641079,35704.0889369173,52825.4411665321,20611.6932934823,27845.729769187
3250,364304.715907948,52461.7672757808,25272.4618614535,9802.60604862361,2471.94966637699,443466.05827601,1006706.69438585,35818.3737461136,103320.668998851,11870.0583589741,32283.6007155354,3110.91189495259,7788.39614656128,236799.255446483,348975.690143733,34565.2237883402,51074.7371993281,19551.5494677074,26404.3860548556
3300,361001.101509116,51868.5322223695,24812.4425433326,9586.61893773736,2411.02199349365,433604.522986953,979869.367698966,35225.8332806735,101085.810344901,11645.1997480679,31446.2910730917,3040.42242447399,7572.94326848082,227959.31410142,335501.220305974,33472.567160708,49397.7352609797,18557.785452509,25053.8723139482
3350,357739.196791469,51284.708581552,24364.7564409082,9377.63518439538,2352.38267337152,424033.018609709,953972.818661812,34646.4260341187,98915.549258584,11426.1500067654,30638.6867471017,2972.22928705637,7365.90973254126,219535.819296801,322681.737631122,32423.8503734028,47790.6845848674,17625.5201728642,23787.4663625164
3400,354518.327843073,50710.1045549757,23928.9685827355,9175.35646356598,2295.91698686534,414740.965213836,928976.304759608,34079.7879320816,96807.5556232724,11212.7196072206,29859.4559653958,2906.23535775716,7166.87266625812,211505.162159445,310478.990071677,31416.9351237878,46250.0576618006,16750.2835345967,22599.0156787403
3450,351337.834003635,50144.5331110259,23504.6629536454,8979.50012961662,2241.51737105985,405718.242509843,904841.17843991,33525.5669933457,94759.5998269781,11004.7264751512,29107.3388828086,2842.34854473099,6975.43504274771,203845.293929352,298857.326450868,30449.8049221197,44772.5350586401,15927.9775367259,21482.8831529039
3500,348197.067557788,49587.8118452275,23091.4415137459,8789.79823927607,2189.08288744062,396955.166724449,881530.762681826,32983.4228624586,92769.5477279069,10801.9956474627,28381.1430491048,2780.48148141436,6791.22382592735,196535.608504209,287783.495179045,29520.5571583704,43354.9913956237,15154.841459591,20433.8985597631
3550,345095.393436536,49039.7628453501,22688.9232760694,8605.99664481608,2138.51873577716,388442.468795745,859010.234931682,32453.0263629207,90835.3559067263,10604.3589478321,27679.7392024913,2720.55124035373,6613.88826812647,189556.834886731,277226.460401361,28627.3957493174,41994.4823844837,14427.4206609765,19447.3150923608
3600,342032.188926616,48500.2125610344,22296.7434388979,8427.85415174854,2089.73580927063,380171.273804146,837246.518778055,31934.0590699325,88955.067187277,10411.6546791907,27002.0573625026,2662.47906696112,6443.09834603408,182890.938612253,267157.233909834,27768.6243188857,40688.2328385046,13742.5385707104,18518.770379161
3650,339006.843387528,47968.9916777704,21914.5525690948,8255.14173584937,2042.65028700033,372133.08156089,816208.182790869,31426.2129017432,87126.8064087493,10223.7273321199,26347.0831983823,2606.19013163208,6278.54332234779,176521.031328007,257548.721327018,26942.6398688983,39433.6255738216,13097.2715246379,17644.251478018
3700,336018.757976027,47445.9349950633,21542.0158330499,8087.64181478556,1997.1832601276,364319.748281317,795865.345996346,30929.1897286909,85348.7764335272,10040.4273082355,25713.8546511876,2551.61329879762,6119.93042176797,170431.28777902,248375.58122297,26147.9269011632,38228.1911285947,12488.9261226259,16820.0634025824
3750,333067.345377833,46930.881308629,21178.8122720931,7925.14757003969,1953.26038869061,356723.469275223,776189.589502471,30442.7009990774,83619.2543760048,9861.61065769412,25101.4587897462,2498.68091160535,5966.98361111769,164606.8695301,239614.09596435,25383.0519552371,37069.5982333141,11915.0188332574,16042.8007906393
3800,330152.029546352,46423.6732964696,20824.6341194656,7767.46231520481,1910.81158615423,349336.762591218,757153.873828775,29966.4673810645,81936.5880386884,9687.13883001362,24509.0288823186,2447.32859103653,5819.44247438094,159033.854819705,231242.053216385,24646.6585292922,35955.6449714522,11373.2576009559,15309.3223707251
3850,327272.245448212,45924.1574086846,20479.1861561497,7614.39890706375,1869.77072917228,342152.453556366,738732.461529842,29500.2184198233,80299.192542834,9516.87843744865,23935.741667373,2397.49504836707,5677.06117435428,153699.174000778,223238.63712696,23937.4623543107,34884.2505750731,10861.5252401018,14616.7279241707
3900,324427.4388154,45432.1837608783,20142.1851030524,7465.77919617553,1830.07539027911,335163.660156341,720900.844734546,29043.6922092072,78705.5471417393,9350.7010302112,23380.8148082943,2349.12190997255,5539.60749341211,148590.550076584,215584.328318788,23254.246994369,33853.4478048729,10377.86442587,13962.3374753025
3950,321617.065903807,44947.6060310325,19813.3590472201,7321.43351397151,1791.66659145773,328363.779205054,703635.677252729,28596.6350772604,77154.1922056078,9188.48288287027,22843.5045181277,2302.15355356028,5406.86194660603,143696.443886978,208260.811901845,22595.8597480723,32861.3758685337,9920.4641135102,13343.6724736076
4000,318840.593258005,44470.2813597159,19492.4468999262,7181.20019361678,1754.48857673677,321746.47325612,686914.710928238,28158.8012849072,75643.7263676485,9030.10479130626,22323.1033416188,2256.53695498734,5278.61696096248,139006.00354294,201250.892795321,21961.2078282946,31906.2738352592,9487.64723705216,12758.4387588588
4050,316097.497482065,44000.0702535092,19179.1978846253,7044.92512212227,1718.48860215084,315305.658211692,670716.735942087,27729.9527372036,74172.8038217602,8875.45187963454,21818.938082869,2212.22154489251,5154.67611542027,134509.01774529,194538.41771718,21349.254799275,30986.4745079746,9077.85955529774,12204.5111240083
4100,313387.265016242,43536.836491528,18873.3710529094,6912.46132140177,1683.61674156144,309035.491587155,655021.524792305,27309.8587065635,72740.131762789,8724.41341654836,21330.3678678849,2169.15907443216,5034.85343636673,130195.872657603,188108.203261056,20759.0172518548,30100.3987179485,8689.65952778522,11679.9193115476
4150,310709.391919359,43080.4470349321,18574.7348267322,6783.66855615714,1649.82570698043,302930.361392881,639809.779697861,26898.2955674033,71344.4679609408,8576.88264056505,20856.7823321713,2127.30348946789,4918.97274419648,126057.512034047,181945.96953547,20189.5616992069,29246.55000957,8321.70911643953,11182.8352973845
4200,308063.383656728,42630.7719393127,18283.0665652855,6658.41296664804,1617.07068216813,296984.875596792,625063.083193207,26495.0465416764,69984.6184624776,8432.7565936908,20397.5999243181,2086.61081260508,4806.86704673413,122085.400330398,176038.278889818,19640.001676849,28423.5096857154,7972.76542009332,10711.5617324278
4250,305448.754893443,42187.6842698549,17998.1521550236,6536.56672455888,1585.30916839377,291193.852133811,610763.851697508,26099.9014547971,68659.4354093381,8291.93596304843,19952.266317251,2047.03903252944,4698.37797573833,118271.488551363,170372.479296096,19109.4950320342,27629.932186593,7641.67305917348,10264.5214262896
4300,302865.0292929,41751.0600191756,17719.7856214346,6418.00771031901,1554.50084135014,285552.3094305,596895.29185873,25712.6565014773,67367.8149707974,8154.32493003998,19520.2529194823,2008.54800013176,4593.35526304336,114608.182609652,164936.651995256,18597.2413888072,26864.540777192,7327.35723677076,9840.24777005347
4350,300311.73932038,41320.7780277413,17447.7687612503,6302.61921036243,1524.60741830752,280055.457415165,583441.359487571,25333.1140210261,66108.6953807203,8019.83102664152,19101.0554792982,1971.09933095073,4491.65625319973,111088.313992446,159719.563053009,18102.4797761035,26126.1235204909,7028.81741019563,9437.37600612833
4400,297788.426051571,40896.7199067752,17181.9107938768,6190.28963293257,1495.59253467567,274698.688985657,570386.720909789,24961.082281682,64881.0550743735,7888.36499845121,18694.1927753757,1934.65631349984,4393.14544975107,107705.112549076,154710.618502297,17624.4864072618,25413.52951544,6745.12151409976,9054.63526299931
4450,295294.638985876,40478.7699635648,16922.0280309059,6080.9122411459,1467.42162921803,269477.571908799,557716.716578022,24596.3752735723,63683.9109191422,7759.84067413427,18299.2053878216,1899.1838230777,4297.69409253362,104452.181230192,149899.822778751,17162.572600232,24725.6653804166,6475.40068242285,8690.84128135266
4500,292829.935864368,40066.8151290858,16667.9435626455,5974.38490212811,1440.06183723002,264387.841127046,545417.326795677,24238.8125099106,62516.3165338529,7634.17484092901,17915.6545440917,1864.64824069136,4205.17976361015,101323.472623562,145277.740181827,16716.0828285907,24061.491964399,6218.84442190558,8344.88976573227
4550,290393.882492275,39660.7448878616,16419.4869606752,5870.60985112716,1413.48189105437,259425.391449487,533475.139416089,23888.2188360671,61377.3606917335,7511.28712589805,17543.1210346704,1831.01737674992,4115.48601965412,98313.2671450777,140835.459117996,16284.3928942408,23420.0212695098,5974.69619477623,8015.75030270147
4600,287986.05256586,39260.4512099796,16176.4939954987,5769.49346959072,1387.6520273617,254586.270605727,521877.319389902,23544.4242461604,60266.1658023501,7391.0998826265,17181.204193778,1798.26039921168,4028.50204878468,95416.1527557682,136564.558903867,15866.9082133683,22800.3135698688,5742.24937254464,7702.46079253825
4650,285606.02750357,38865.8284851898,15938.8063684236,5670.94607627216,1362.54390067405,249866.672642507,510611.58004266,23207.2637068399,59181.886468148,7273.5380830868,16829.5209407283,1766.34776589096,3944.12235002108,92627.0060866146,132457.078926516,15463.0622078701,22201.4747128696,5520.84352668736,7404.12234687662
4700,283253.396281341,38476.7734590142,15706.271456858,5574.88173049874,1338.13050265435,245262.931644155,499666.155972859,22876.5769879409,58123.7081114908,7158.52921440515,16487.7048778866,1735.25116065282,3862.24643367717,89940.9748630309,128505.489975862,15072.3147950527,21622.6535900742,5309.86102543766,7119.89460950167
4750,280927.755271943,38093.1851707961,15478.74207226,5481.21804680035,1314.38608672538,240771.515759119,489029.77746844,22552.208499714,57090.8456683412,7046.00318028017,16155.4054414766,1704.94343324315,3782.77854115522,87353.4615299427,124702.66757985,14694.150968944,21063.039765903,5108.72390895304,6848.99146177828
4800,278628.708088246,37714.9648936249,15256.0762300297,5389.8760201555,1291.28609761865,236389.021515888,478691.646346749,22234.007136341,56082.542344963,6935.89220681795,15832.2871017598,1675.39854252045,3705.62738272396,84860.1079866759,121041.867187647,14328.0794670508,20521.8612532038,4916.89101786422,6590.67707800717
4850,276355.865430313,37342.0160760702,15038.136930675,5300.77986116617,1268.80710548722,232112.168412642,468641.413129542,21921.8261254655,55098.068434237,6828.13075256142,15518.028609366,1646.59150287168,3630.70589198059,82456.7813483845,117516.701059121,13973.6315168548,19998.3824256095,4733.85535265004,6344.26229940697
4900,274108.844936193,36974.2442856653,14824.7919516242,5213.85684052229,1246.92674424661,227937.793765881,458869.155470696,21615.5228834791,54136.7201883909,6722.65542250392,15212.322284784,1618.49833361065,3557.93099580074,80139.5606575882,114121.116730824,13630.3596567545,19491.9020573558,4559.14164346666,6109.10129846624
4950,271887.271036342,36611.5571540795,14615.9136490993,5129.03714216285,1225.62365383586,223862.847804175,449365.35775986,21314.9588763157,53197.8187451316,6619.40488588878,14914.8733482386,1591.09601117124,3487.22339867561,77904.7244756255,110849.376939437,13297.8366265473,19001.7514819288,4392.30411201482,5884.58850813482
5000,269690.774811542,36253.8643239229,14411.3787694979,5046.25372458289,1204.87742611548,219884.388993993,440120.891830476,21019.9994855201,52280.7091043464,6518.31979760759,14625.3992873751,1564.36242392103,3418.50738042246,75748.7392895057,107696.040893551,12975.6543229024,18527.2928615507,4232.92440878187,5670.15579276544
5050,267518.99385424,35901.0773971285,14211.0682697665,4965.44218977422,1184.66855414232,215999.579585335,431126.998705418,20730.5138793651,51384.7591527053,6419.34272302007,14343.629260357,1538.27632943303,3351.71060633382,73668.248674827,104655.946793544,12663.4228155984,18067.9175601047,4080.60971056803,5465.2698399062
5100,265371.572133221,35553.1098848591,14014.8671462786,4886.54065932409,1164.97838458176,212205.6813656,422375.271317918,20446.3748888045,50509.3587336532,6322.41806602811,14069.3035321499,1512.8173140644,3286.76394890357,71660.0631601576,101724.195507501,12360.7694206037,17623.0446126402,3934.99096461919,5269.42975401007
5150,263248.159861501,35209.8771588876,13822.6642717624,4809.48965722862,1145.78907303688,208500.051610823,413857.638149621,20167.4588880592,49653.9187604267,6227.49200024578,13802.1729419181,1487.96575470138,3223.60132033417,69721.1507425941,98896.135318559,12067.3378263548,17192.1192850978,3795.72126695803,5082.16483489357
5200,261148.413367374,34871.2964044021,13634.3522398466,4734.23199900883,1127.08354209148,204880.139224,405566.34773138,19893.6456796403,48817.870369864,6134.51240311543,13541.9983996077,1463.70278253917,3162.15951509016,67848.6280081657,96167.3476658377,11782.7872698445,16774.6117183552,3662.47436364829,4903.03252536479
5250,259071.99496852,34537.2865741883,13449.8272168225,4660.71268674506,1108.84544187963,201343.481050837,397493.953956024,19624.8183836269,48000.6641149077,6043.42879282816,13288.5504099178,1440.01024877445,3102.37806181875,66039.7518143594,93533.6338073009,11506.7917593675,16370.0156511171,3534.94326475556,4731.61651387076
5300,257018.572849097,34207.7683441445,13268.9888002412,4588.87880967186,1091.05911300882,197887.698363825,389633.302155564,19360.8633310197,47201.7691938181,5954.19226791462,13041.6086219876,1416.87069209638,3044.19908400914,64291.9114953522,90991.0023385681,11239.0393409914,15977.8472165617,3412.83896169586,4567.52497930179
5350,254987.820939723,33882.664070084,13091.739883989,4518.67944999953,1073.70955167713,194510.493506005,381977.51589843,19101.6699610032,46420.6727142269,5866.75544937882,12800.9614032377,1394.26730786945,2987.56716880942,62602.6215535628,88535.6575068585,10979.2314060232,15597.6438080192,3295.88923949981,4410.38896625205
5400,252979.418800291,33561.897745785,12917.9865295047,4450.06559365073,1056.78237683693,191209.646686343,374519.984465127,18847.1307219558,45656.8789902671,5781.07242525489,12566.405435912,1372.18391890865,2932.42924346234,60969.5148039108,86163.9882639838,10727.0820369278,15228.9630092864,3183.8375762759,4259.86088008358
5450,250993.051505527,33245.3949622445,12747.6378428203,4382.99004562161,1040.26379926848,187983.012919038,367254.350963399,18597.1409760546,44909.9088711139,5697.09869747257,12337.7453349604,1350.60494775403,2878.73445886125,59390.3359397183,83872.5580066417,10482.3173893277,14871.3815854923,3076.44212283907,4115.61309208785
5500,249028.409533223,32933.0828680999,12580.6058571284,4317.40734969577,1024.14059243737,184828.519099531,360174.501046402,18351.5989073271,44179.2990993633,5614.79113092342,12114.7932859939,1329.51539035746,2826.43407976346,57862.9354915253,81658.0949562296,10244.6751078767,14524.4945307098,2973.47475608835,3977.33664589464
5550,247085.188655081,32624.8901311784,12416.805420592,4253.27371225733,1008.40006501874,181744.161210391,353274.552199735,18110.4054330125,43464.6016977625,5534.10790462526,11897.3687021301,1308.90079110057,2775.48138123192,56385.2641522331,79517.4831340361,10013.9037739434,14187.9141687728,2874.72020027642,3844.74005705264
5600,245163.089830081,32320.7469011391,12256.1540891341,4190.54692996584,993.030034979851,178728.001650625,346548.84356528,17873.4641180965,42765.3833828901,5455.00846488771,11685.2978986177,1288.74721906739,2725.83155090657,54955.3674439654,77447.7538910078,9789.76238318423,13861.2693040008,2779.97521082015,3717.54819840725
5650,243261.819100329,32020.5847731723,12098.5720239533,4129.18632107117,978.018805120732,175778.16668231,339991.926271796,17640.6810928941,42081.2250044565,5377.45348038661,11478.4137842091,1269.04124550067,2677.44159673553,53571.3807038454,75446.0779543513,9572.01985120808,13544.2044187556,2689.04781576055,3595.50126453627
5700,241381.087489305,31724.3367527219,11943.9818935317,4069.15266016066,963.355139979419,172892.843988777,333598.554244089,17411.9649735564,41411.7210089717,5301.40479905982,11276.5555683097,1249.76992237505,2630.2702598218,52231.5243675583,73509.7579560443,9360.45454565673,13236.3789149648,2601.75661039674,3478.35380908101
5750,239520.610902457,31431.9372211991,11792.3087799097,4010.40811614402,949.028244015376,170070.280338907,327363.675464291,17187.2267853877,40756.4789265939,5226.82540674146,11079.5684829986,1230.92076202434,2584.27793206585,50934.0995310999,71636.2214109162,9154.85384313313,12937.4663969374,2517.93010099716,3365.87384933269
5800,237680.110030068,31143.3219026551,11643.4800890179,3952.91619329396,935.027740990603,167308.779352364,321282.423660401,16966.3798888588,40115.1188800347,5153.67938745572,10887.3035190725,1212.48171776458,2539.42657830623,49677.4837725296,69823.0141143363,8955.01370951271,12647.1539929779,2437.40609383476,3257.84203290979
5850,235859.310252357,30858.4278313829,11497.4254648668,3896.64167517166,921.343654473674,164606.699360907,315350.11039875,16749.3399082118,39487.2731144601,5081.93188529529,10699.617175317,1194.44116545747,2495.67966268117,48460.1272168458,68067.7939317356,8760.73830226734,12365.1417134666,2360.03112610537,3154.05086179327
5900,234057.941546733,30577.1933204187,11354.0767074052,3841.55057127715,907.96638939716,161962.451361128,309562.217558455,16536.0246625536,38872.5855473802,5011.54906781352,10516.3712202612,1176.78788596287,2453.00207895307,47280.5488283067,66368.3249542046,8571.83959351991,12091.1418432332,2285.65993557306,3054.30396937985
5950,232275.738397164,30299.5579309154,11213.3676938707,3787.6100662744,894.886714603709,159374.497054276,303914.390167252,16326.354099342,38270.7113375756,4942.49809086248,10337.4324657162,1159.51104843163,2411.36008455509,46137.3329156236,64722.4719962618,8388.13701262945,11824.8783661871,2214.15496604525,2958.41544657098
6000,230512.439705605,30025.4624423596,11075.2343034618,3734.78847165016,882.095746320509,156841.346968998,298402.42957931,16120.2502301696,37681.3164721582,4874.74706481287,10162.6725514433,1142.60019439341,2370.72123813581,45029.1258364826,63128.1954136015,8209.45710718304,11566.0864203055,2145.38590601635,2866.20921324081
6050,228767.788705414,29754.8488236069,10939.6143451749,3683.05517967434,869.584932505959,154361.558663085,293022.28697679,15917.6370687575,37104.0773709104,4808.26502209464,9991.96774033686,1126.04522259655,2331.0543403923,43954.6328887911,61583.5462202056,8035.63322134171,11314.5117811997,2079.22925803396,2777.51843172365
6100,227041.532876736,29487.66020471,10806.4474886526,3632.38061953757,857.346038016192,151933.735000499,287770.057177977,15718.4405710734,36538.6805070941,4743.0218860003,9825.19872354406,1109.8363745599,2292.32937799655,42912.6153769224,60086.6614856598,7866.5051905538,11069.910372597,2015.56793653829,2692.18495923214
6150,225333.423863776,29223.8408495147,10675.6751979031,3582.7362155492,845.371130542601,149556.522500149,282641.972735827,15522.5885774921,35984.8220439594,4678.98844069562,9662.25043498078,1093.96422079871,2254.51747043245,41901.887842037,58635.759994859,7701.91905171061,10832.0478021797,1954.29089210456,2610.05883636472
6200,223643.217393931,28963.3361289997,10547.2406677539,3534.094347286,833.652567274781,147228.609753087,277634.398311712,15330.0107569202,35442.2074862253,4616.13630238526,9503.01187473354,1078.41964768903,2217.59081957317,40921.3154463094,57229.1381535284,7541.726767877,10600.6989213235,1895.2927601824,2530.99780908696
6250,221970.673198723,28706.092495339,10421.0887629118,3486.42831158819,822.182982246311,144948.72590493,272743.825310006,15140.6385528104,34910.5513458411,4554.43789158319,9347.3759408692,1063.1938449371,2181.52266183927,39969.8115015774,55865.1661241337,7385.78596678265,10375.647407369,1838.4735325759,2454.86688177765
6300,220315.554936503,28452.0574566631,10297.1659595091,3439.71228630584,810.955274323606,142715.639200524,267966.866760013,14954.4051309941,34389.5768213719,4493.86640644044,9195.23926920252,1048.27829362231,2146.28722278857,39046.3351335747,54542.2841778158,7233.95969231008,10156.6853671453,1783.73825004529,2381.5378991195
6350,218677.630116858,28201.1795524983,10175.4202890194,3393.92129570393,799.962595800645,140528.155587971,263300.252432484,14771.2453292624,33879.015490387,4434.3957970847,9046.50208059809,1033.66475478381,2111.8596739983,38149.8890734988,53258.9992489675,7086.11616826178,9943.61296054516,1730.99671453684,2310.8891547872
6400,217056.670026699,27953.4083298639,10055.8012844348,3349.03117744028,789.198341564819,138385.117379327,258740.824178714,14591.0956086306,33378.6070142582,4376.00074092867,8901.0680354085,1019.34525852306,2078.2160921089,37279.5175692187,52013.8816799771,6942.12857373269,9736.23804302586,1680.16321966234,2242.8050250439
6450,215452.449657982,27708.694320007,9938.25992860062,3305.018551035,778.656138801333,136285.401965384,254285.531480866,14413.8940062234,32888.0988548086,4318.6566189061,8758.8440946737,1005.31209359573,2045.33341990716,36434.3044089336,50805.5621445077,6801.8748294544,9534.37582597915,1631.15629815549,2177.17562550206
6500,213864.747637012,27466.9890157553,9822.74860460996,3261.8607877551,768.32983720571,134227.920582095,249931.427202841,14239.5800897194,32407.2460022771,4262.33949259607,8619.74038772845,991.557797468151,2013.18942933403,35613.3710505724,49632.7287384602,6665.23739451604,9337.84855397793,1583.89848512869,2113.89648943804
6550,212293.346155308,27228.2448494703,9709.22104816404,3219.53598184218,758.213499675867,132211.617126323,245675.663531576,14068.0949132978,31935.8107140932,4207.02608219852,8483.67008588524,978.075146814884,1981.76268630973,34815.8748506579,48494.12422849,6532.10307290176,9146.48519796872,1538.31609604305,2052.86826617135
6600,210738.030901972,26992.4151715818,9597.63230181071,3178.02292301534,748.301393456996,130235.467018706,241515.488099236,13899.3809750309,31473.5622639794,4152.69374532504,8350.54928187918,964.857148435212,1951.03251727534,34041.0073867732,47388.5434486218,6402.36282931823,8960.12116353483,1494.33901838563,1993.99643813214
6650,209198.59099754,26759.4542296879,9487.93867097659,3137.30107018499,738.587981714209,128298.47611153,237448.240277289,13733.3821756702,31020.2767009241,4099.3204565713,8220.29687477934,951.897030567675,1920.97897735629,33287.9928681419,46314.8308361246,6275.91161381649,8778.59801340795,1451.90051612298,1937.1910553428
6700,207674.818929264,26529.3171482016,9380.09768171313,3097.35052631722,729.0679155094,126399.679639633,233471.347633946,13570.0437787739,30575.7366175895,4046.88478783845,8092.83446008772,939.188234582893,1891.58282005899,32556.0866291914,45271.8780983913,6152.64819474166,8601.76320345542,1410.93704606903,1882.36648613483
6750,206166.51048781,26301.9599085294,9274.06804008077,3058.15201439147,719.736026160276,124538.141212427,229582.322546917,13409.3123721276,30139.7309277403,3995.36588937279,7968.08622476302,926.724407036052,1862.8254684173,31844.573701293,44258.6220031027,6032.47499957096,8429.46983141613,1371.38808536862,1829.4411830085
6800,204673.464705311,26077.3393297661,9169.80959309904,3019.68685439765,710.587317960818,122712.951845238,225778.758963867,13251.1358304107,29712.0546522992,3944.74347149413,7845.97884692091,914.499392061401,1834.68898751049,31152.7674581801,43274.0422844527,5915.29796322645,8261.57639770135,1333.1959693564,1778.3374626235
6850,203195.483794767,25855.4130498897,9067.2832911941,2981.93694132156,701.616961243724,120923.229028261,222058.329303371,13095.4632790632,29292.5087136543,3894.99778698464,7726.44139997657,902.507224092117,1807.15605827896,30480.0083308274,42317.1596586795,5801.02638347204,8097.94657761697,1296.30573910455,1728.98129898198
6900,201732.373090741,25636.1395074425,8966.45115207844,2944.88472407057,692.820285766535,119168.115831468,218418.781489566,12942.24505931,28880.8997378621,3846.10961411158,7609.40526100828,890.742120889778,1780.20995256879,29825.6625878421,41387.0339425749,5689.57278302751,7938.44900440139,1260.66499802224,1681.30212893377
6950,200283.940991331,25419.477923684,8867.27622600083,2908.51318529387,684.192774404256,117446.780043938,214857.936114035,12791.4326943012,28477.0398644047,3798.06024025787,7494.80402313284,879.198476868532,1753.83450933973,29189.121177662,40482.7622690488,5580.85277805258,7782.95706250845,1226.22377691551,1635.23266919573
7000,198849.998901383,25205.3882852017,8769.72256230734,2872.80582205428,675.730057132297,115758.41334612,211373.683718839,12642.9788563278,28080.7465631797,3750.83144613636,7382.57341169543,867.870856699871,1728.01411197552,28569.7986290855,39603.4773941968,5474.78495267409,7631.34869059809,1192.93440695827,1590.70874413532
7050,197430.361176907,24993.831326967,8673.75517725746,2837.74662731072,667.427905284518,114102.230513615,207963.982194889,12496.8373350748,27691.8424584131,3704.4054905642,7272.65120408714,856.753989184638,1702.73366663885,27967.1320068742,38748.3460906703,5371.29073924771,7483.50619372828,1160.75140006398,1547.66912362136
7100,196024.845070687,24784.7685158223,8579.34002304158,2803.32007217292,659.28222607207,112477.468651133,204626.854290216,12352.963006875,27310.1551592015,3658.76509577496,7164.97715301343,845.842761379651,1677.97858161661,27380.5799193675,37916.567622469,5270.29430406291,7339.31606427064,1129.63133618361,1506.0553702945
7150,194633.270679035,24578.1620343888,8486.44395794909,2769.51108889161,651.289057349518,110883.38645535,201360.385222916,12211.3118049278,26935.5170964045,3613.89343324724,7059.49291304653,835.132212966942,1653.73474760426,26809.6215752362,37107.3722965826,5171.72243821619,7198.66881109983,1099.53275708844,1465.81169565508
7200,193255.460889672,24373.9747653799,8395.03471763852,2736.30505454973,643.444562615568,109319.263505447,198162.720393874,12071.8406904496,26567.7653656204,3569.77411002919,6956.14197030373,824.617530854272,1629.98851888119,26253.7558866746,36320.0200871865,5075.5044533928,7061.45879663168,1070.41606622717,1426.88482440811
7250,191891.241330711,24172.1702763121,8305.08088746343,2703.68777542186,635.745026236408,107784.399580149,195032.0631946,11934.5076247222,26206.741575989,3526.39115553954,6854.86957510186,814.29404399618,1606.72669533136,25712.5006164956,35553.7993283618,4981.57208231172,6927.58408130968,1042.24343427483,1389.22386654393
7300,190540.440320712,23972.7128045995,8216.55187581,2671.6454719707,628.186848880378,106278.114000177,191966.672905743,11799.271542008,25852.2917045823,3483.72900882637,6755.62267744614,804.157218425344,1583.93650526668,25185.3915667445,34808.0254715551,4889.85938360173,6796.94627516132,1014.97871001759,1352.78019666912
7350,189202.888819779,23775.5672430215,8129.41788840445,2640.16476445119,620.766543153321,104799.744995051,188964.862682104,11666.0923233032,25504.2659561478,3441.77250626583,6658.34986521952,794.202652484602,1561.60558901232,24671.9818065872,34082.0399042225,4800.30265088963,6669.45039606736,988.587336241566,1317.50734013514
7400,187878.420381685,23580.6991255544,8043.64990354996,2609.2326590944,613.480729424565,103348.649093213,186024.997620156,11534.9307708975,25162.5186279865,3400.50686968369,6563.00130494491,784.426072250447,1539.721983216,24171.8409373661,33375.2088263169,4712.84032589311,6545.00473440655,963.036270316361,1283.36086554338
7450,186566.871106993,23388.074613555,7959.21964825514,2578.83653484454,606.326131834062,101924.200534539,183145.492904294,11405.7485837148,24826.9079797533,3359.91769488327,6469.5286850002,774.823327139292,1518.27410584508,23684.5543928364,32686.922181477,4627.41291532228,6423.52072375723,938.293909184911,1250.29828323343
7500,185268.079597155,23197.6604822869,7876.09957521746,2548.96413062409,599.299574471712,100525.7907043,180324.812028235,11278.5083334062,24497.2961079794,3319.99094056435,6377.88516117155,765.390385688241,1497.25074183739,23209.7227727148,32016.592639965,4543.96291140433,6304.91281735461,914.330018490476,1218.27894938801
7550,183981.886909551,23009.4241077806,7794.26284062689,2519.60353310307,592.397977720432,99152.827587696,177561.465088149,11153.1734411708,24173.5488251242,3280.71291761776,6288.02530443672,756.12333150251,1476.6410293737,22746.9612077818,31363.6546305736,4462.43471585563,6189.09837001897,891.11566558959,1187.26397541245
7600,182708.136513476,22823.3334540168,7713.68328275655,2490.74316494983,585.618354754965,97804.7352441379,174854.007144298,11029.708155279,23855.5355429732,3242.07027878157,6199.90505087571,747.018359362056,1456.43444674131,22295.8987548781,30727.5634188881,4382.77456713517,6075.99752528562,868.623156216424,1157.21614226928
7650,181446.674247016,22639.3570604247,7634.33540130867,2462.37177354187,578.957808188879,96480.9533004611,172201.0366481,10908.0775292733,23543.1291602076,3204.05000864501,6113.481653611,738.071771480316,1436.62079976003,21856.1778202347,30107.7942294396,4304.93047082184,5965.53310748192,846.825974579402,1128.09981946967
7700,180197.348274826,22457.4640296868,7556.19433748555,2434.47842011615,572.413526862601,95180.9364623195,169601.193931695,10788.2474008267,23236.2059539765,3166.63941398695,6028.71363668518,729.279973908339,1417.1902097434,21427.4536096627,29503.8414094342,4228.85213296637,5857.63051851034,825.698726685324,1099.88088844301
7750,178960.009046762,22277.6240158405,7479.23585475671,2407.05246933957,565.982782765746,93904.1540430235,167053.159757241,10670.1843712318,22934.6454753145,3129.82611443645,5945.56075078774,720.639473077899,1398.13310196933,21009.3936042161,28915.2176318711,4154.49089627675,5752.21763910955,805.217086699512,1072.52667002406
7800,177734.509257366,22099.8072126698,7403.43632029451,2380.08357928101,559.662928087323,92650.0895091254,164555.653923291,10553.8557855049,22638.3304482485,3093.59803344319,5863.98393074786,712.146872477516,1379.44019463585,20601.6770600156,28341.4531359937,4081.79967900317,5649.22473437765,785.357746162927,1046.00585581411
7850,176520.703806178,21923.9843423782,7328.77268705182,2353.56169176753,553.45139238778,91418.2400420873,162107.43392575,10439.229713079,22347.1466724501,3057.94338954623,5783.94525471375,703.798869455591,1361.10248827888,20203.9945310006,27782.0950031321,4010.73291639544,5548.58436335297,766.098365898691,1020.2884431882
7900,175318.449758848,21750.1266445349,7255.22247645664,2327.47702310787,547.345679887144,90208.1161153923,159707.293671004,10326.2749290708,22060.9829292935,3022.85068793009,5705.4079049434,695.592252145149,1343.11125563024,19816.0474134399,27236.7064661091,3941.24650461265,5450.23129245881,747.417530451203,995.345673735199
7950,174127.606309043,21578.2058652881,7182.7637616994,2301.82005516746,541.343366863837,89019.24108649,157354.062238962,10214.9608960992,21779.7308911842,2988.30871225734,5628.33613013496,687.523896504954,1325.45803189507,19437.5475111021,26704.8662504822,3873.29774697073,5354.10241262864,729.294704910976,971.149974931011
8000,172948.034741125,21408.1942468367,7111.37515159002,2276.58152677978,535.442099159003,87851.1508029946,155046.60269384,10105.2577466389,21503.2850340314,2954.30651676776,5552.69520922889,679.590763472005,1308.13460542925,19068.2166200451,26186.167945995,3806.84530241967,5260.13665993771,711.710193987639,947.674904857994
8050,171779.598393579,21240.0645171538,7041.03577496247,2251.75242547964,529.639589781494,86703.3932225762,152783.810940624,9997.13626589061,21231.542552742,2920.83341863398,5478.45141661708,671.789896220661,1291.13300879803,18707.7861320418,25680.2194067007,3741.84913614746,5168.27493957622,694.645103202184,924.895099795306
8100,170622.162623178,21073.7898799559,6971.72526560595,2227.32397954477,523.933616608863,85575.5280460141,150564.614625255,9890.56787515144,20964.4032796194,2887.87899056448,5405.57198869739,664.118417523876,1274.44551019841,18355.9966557138,25186.6421783059,3678.27047221328,5078.46005300771,678.081302077615,902.786224516041
8150,169475.594769866,20909.3440049101,6903.42374770231,2203.28765033251,518.322020179996,84467.1263628997,148387.972076652,9785.52461566848,20701.7696055537,2855.43305364482,5334.02509171504,656.573527212238,1258.06460522845,18012.5976544952,24705.0709513646,3616.0717481171,4990.63662816422,662.001389214662,881.324925137168
8200,168339.764122347,20746.701018074,6836.1118217505,2179.63512489937,512.802701575215,83377.7703095022,146252.871288816,9681.97913296019,20443.5464038979,2823.48567040847,5263.77979083523,649.152499726694,1241.98300898763,17677.3471005972,24235.1530390291,3555.21657121777,4904.75105253764,646.388659146248,860.488784377883
8250,167214.541884358,20585.8354925606,6769.77055095943,2156.35830889139,507.373620379897,82307.0527383282,144158.32894129,9579.90466159041,20189.6409569263,2792.02713812901,5194.80602039376,641.852681761057,1226.19364849339,17350.0111441877,23776.5478781318,3495.66967691592,4820.75140903349,631.227070870925,840.256279090862
8300,166099.801141614,20426.7224394242,6704.38144809168,2133.44931969419,502.032792727869,81254.5768989283,142103.38945638,9479.27501038001,19939.9628847775,2761.04798232562,5127.07455527527,634.671489990561,1210.68965539926,17030.363797043,23328.9265524428,3437.39688852223,4738.58741446054,616.50121797161,820.606739939264
8350,164995.416829413,20269.3372987593,6639.92646274092,2110.90047983179,496.778289421008,80219.9561295217,140087.124091578,9380.06454804243,19694.4240767868,2730.5389504744,5060.55698337098,627.606408882905,1195.46435900131,16718.1866299706,22891.9713370102,3380.36507873549,4658.21036053569,602.196300231655,801.520313100048
8400,163901.265700873,20113.6559310084,6576.38796902691,2088.70431060407,491.608234121666,79202.8135590282,138108.630065724,9282.24818922913,19452.9386251194,2700.49100591803,4995.22567907005,620.654988588395,1180.51127951981,16413.268483335,22465.3752625469,3324.54213265869,4579.57305728985,588.298096665605,782.977923881461
8450,162817.22629581,19959.6546084722,6513.74875369248,2066.85352595297,486.52080161471,78202.7818191134,136167.029717504,9185.80138097207,19215.4227606162,2670.8953219668,4931.05377774091,613.814842905938,1165.82412164393,16115.4051900585,22048.8416988866,3269.89691228486,4502.62977876624,574.792939886985,764.961242149301
8500,161743.178910217,19807.3100070178,6451.99200458745,2045.34102654813,481.51421613611,77219.5027658716,134261.46969494,9090.7000895104,18981.7947907707,2641.74327618417,4868.01515116099,607.083647321807,1151.39676832791,15824.3993104995,21642.0839565817,3216.39922238758,4427.33621090771,561.667691740084,747.452649462901
8550,160679.005566348,19656.5991979787,6391.10129952546,2024.15989408302,476.586749765188,76252.6272107838,132391.120174604,8996.92078748917,18751.9750397572,2613.02644485053,4806.08438385515,600.459137118221,1137.2232748275,15540.0598786422,21244.8249057679,3164.0197777546,4353.64940153515,548.909720127104,730.435207827703
8600,159624.589983391,19507.4996402421,6331.06059549968,2003.30338577317,471.736720877742,75301.8146606053,130555.174109321,8904.44044151822,18525.885790434,2584.73659759866,4745.23675030488,593.93910554893,1123.29786296621,15262.2021590633,20856.7966114624,3112.73017170551,4281.52771232357,536.506876966051,713.89262997681
8650,158579.817548708,19359.9891725186,6271.85421824448,1982.76492904812,466.962492657436,74366.7330658505,128752.846503217,8813.23650008003,18303.4512282482,2556.86569221511,4685.44819299238,587.521402079105,1109.61491562137,14990.6474141659,20477.7399845121,3062.50284583769,4210.93077268723,524.447477218605,697.809251099113
8700,157544.575289639,19214.0460057897,6213.46685213034,1962.53811642961,462.262471662947,73447.0585775567,126983.373712985,8723.28688177526,18084.5973869739,2529.40586960163,4626.69530124495,581.20393068698,1096.16897142049,14725.2226812008,20107.4044474446,3013.31106094709,4141.8194354894,512.720278930741,682.170001936404
8750,156518.751845856,19069.6487159275,6155.88353037997,1942.61670058842,457.635106448483,72542.4753120215,125246.012774314,8634.56996389568,17869.2520962137,2502.34944889105,4568.95529084683,574.984648224772,1082.95471963876,14465.7605586166,19745.5476145168,2965.12886907324,4074.15573449646,501.314464232223,666.960383176463
8800,155502.237442251,18926.7762364843,6099.08962559399,1922.99458957285,453.07888623542,71652.6751232216,123540.040752466,8547.06457131405,17657.3449306023,2475.68892271244,4512.20598438733,568.861562836553,1069.96699528916,14212.0990013066,19391.9349852913,2917.93108662001,4007.90284350004,490.219621244233,652.166441073317
8850,154494.923862345,18785.4078516443,6043.07084057505,1903.66584220197,448.592339632877,70777.3573826306,121864.754116033,8460.74996568117,17448.8071606479,2449.41695260024,4456.42579231504,562.83273243082,1057.20077439697,13964.0811243393,19046.3396511057,2871.69326850621,3943.02503703434,479.425726847289,637.774744229897
8900,153496.70442222,18645.5231893375,5987.81319943974,1884.62466361735,444.174033405198,69916.2287661686,120219.468132947,8375.60583492053,17243.5717051534,2423.52636454252,4401.59369466984,556.89626320562,1044.6511694507,13721.5550147851,18708.5420138325,2826.39168330205,3879.48765261958,468.923130264415,623.772361482016
8950,152507.473944942,18507.1022145074,5933.30303900794,1865.86540098691,439.822571284358,69069.0030480218,118603.516287858,8291.6122830114,17041.5730851596,2398.01014466365,4347.68922346514,551.050308224189,1032.31342502222,13484.3735512649,18378.3295163594,2782.00328930966,3817.25705446552,458.702537417036,610.146840826112
9000,151527.128735481,18370.125222532,5879.52700045992,1847.38253935507,435.536592825446,68235.4009010871,117016.249720036,8208.74982005137,16842.7473793568,2372.8614350367,4294.69244569454,545.293066039135,1020.18291354878,13252.3942308713,18055.496384247,2738.50571154779,3756.30059857228,448.754996013551,596.886189336483
9050,150555.56655611,18234.5728327916,5826.47202125153,1829.17069763347,431.31477230342,67415.1497038004,115457.036680986,8126.99935258986,16647.0321809117,2348.07352962135,4242.5839469378,539.622779363296,1008.25513127024,13025.4790031268,17739.8433780485,2695.87721960275,3696.58659916872,439.071881332754,583.978854020808
9100,149592.686602274,18100.4259823818,5774.12532727859,1811.22462472695,427.155817649468,66607.9833531222,113925.262011001,8046.34217422421,16454.3665556582,2323.63987032291,4191.34481554242,534.037733785474,996.525694315051,12803.4941106612,17431.1775558058,2654.09670630921,3638.08429643135,429.644882666439,571.413703565661
9150,148638.389478918,17967.6659199661,5722.47442528162,1793.5391957895,423.058469425316,65813.6420834582,112420.326633917,7966.7599564505,16264.691001606,2299.55404316842,4140.95662735803,528.536256529335,984.990334928822,12586.309936307,17129.3120452546,2613.14366722631,3580.76382542928,420.465990387502,559.180010926415
9200,147692.577177265,17836.2741997662,5671.50709548258,1776.1094086053,419.021499833978,65031.8722913063,110941.647069358,7888.23473976108,16077.9474097181,2275.80977459605,4091.40143100187,523.116715253816,973.644897839575,12373.8008563242,16834.0658252999,2572.99818087613,3524.59618624371,411.527483611744,547.267436718507
9250,146755.153052036,17706.2326756855,5621.21138444561,1758.93038009004,415.043711765441,64262.4263654253,109488.654961796,7810.74892498161,15894.0790259143,2252.40092785387,4042.66173363457,517.777516893489,962.485336754121,12165.8450994838,16545.2635163431,2533.64088971297,3469.55321521232,402.821918423339,535.666013369403
9300,145826.021799097,17577.523495563,5571.5755981539,1741.99734290804,411.123937875894,63505.0625223311,108060.796625772,7734.28526484021,15713.0304142563,2229.32149950432,3994.72048722619,512.517106537346,951.507710980183,11962.3246117479,16262.7351790613,2495.05298179334,3415.60755725153,394.34211663559,524.366129992882
9350,144905.08943353,17450.1290955532,5522.58829529535,1725.30564220072,407.261039699153,62759.5446469336,106657.532606669,7658.82685576184,15534.747421274,2206.56561603114,3947.56107529373,507.333966344585,940.708182169178,11763.1249263012,15986.316121262,2457.21617311807,3362.73263921175,386.081155060155,513.358517949354
9400,143992.263268118,17324.0321946316,5474.2382807499,1708.85073242244,403.453906788996,62025.6421381333,105278.337256425,7584.35712988099,15359.1771413937,2184.12753054508,3901.16730009165,502.226614496,930.083011174775,11568.1350386984,15715.846712453,2420.112690619,3310.90264422271,378.032355259392,502.634237057912
9450,143087.451892233,17199.2157892186,5426.51459927147,1692.62817427942,399.701455891185,61303.1297592056,103922.698323629,7510.85984726641,15186.2678834283,2162.00161958533,3855.52337023814,497.193604179651,919.628555022568,11377.2472869033,15451.1722057847,2383.72525576413,3260.09248698787,370.189273757853,492.18466242771
9500,142190.565151112,17075.6631479228,5379.4065293581,1676.63363176821,396.002630143999,60591.7874928061,102590.116557459,7438.31908835126,15015.969138095,2140.18238001353,3810.61388876033,492.233522609555,909.341263986441,11190.3572360076,15192.1425670404,2348.03706875626,3210.27778998903,362.545692690259,482.001471878008
9550,141301.514125535,16953.3578063985,5332.90357730379,1660.86286930985,392.356398306165,59891.4004004364,101280.105324917,7366.71924656284,14848.2315465239,2118.66442599721,3766.42384154256,487.34499007616,899.217678767354,11007.3635674257,14938.6123103643,2313.03179330111,3161.43486056369,355.095610864493,472.07663391787
9600,140420.211111867,16832.2835623145,5286.99547142595,1645.31174897629,388.761754011105,59201.7584862181,99992.1902408893,7296.04502114586,14683.0068697228,2097.44248607996,3722.93858616235,482.526659027451,889.254427770503,10828.1679723736,14690.4403404321,2278.69354192217,3113.5406688196,347.83323521933,462.402396258089
9650,139546.569602476,16712.4244704332,5241.67215646259,1629.97622780559,385.217715046491,58522.656564825,98725.9088105257,7226.28141017354,14520.2479589684,2076.51140033538,3680.1438410994,477.777213179562,879.448224476974,10652.6750494464,14447.4898007849,2245.00686180045,3066.57282635254,340.75297265767,452.97127482935
9700,138680.504266518,16593.7648377951,5196.92378813353,1614.85235520288,381.723322658113,57853.894133433,97480.8100834997,7157.41370374108,14359.9087270891,2055.8661176021,3638.02567530368,473.095366655822,869.795864906175,10480.792206121,14209.6279280576,2211.95672111822,3020.50956573478,333.849422237097,443.776043282056
9750,137821.930931074,16476.2892190081,5152.74072786021,1599.93627042366,378.277640877134,57195.2752475502,96256.4543196915,7089.42747733612,14201.944120611,2035.50169279741,3596.570498109,468.479863153198,860.294225165511,10312.4295640149,13976.7259118491,2179.52849588672,2975.3297207432,327.117367700516,434.809722944526
9800,136970.76656263,16359.9824116372,5109.1135376388,1585.22420013683,374.879755869835,56546.6084005947,95052.4126658808,7022.30858538095,14046.3100927385,2015.41328430684,3555.7650494793,463.929475135152,850.940259083898,10147.4998677443,13748.6587599903,2147.70795723897,2931.01270729738,320.551770330564,426.065573217505
9850,136126.929248907,16244.8294516941,5066.03297506164,1570.71245606422,371.528775308987,55907.7064070946,93868.2668430396,6956.04315494168,13892.9635771394,1995.59615144731,3515.59639057528,459.44300304997,841.730995925875,9985.91839722712,13525.3051689799,2116.4812591691,2887.53850507937,314.1477621123,417.537082384096
9900,135290.338181019,16130.8156092222,5023.48998848199,1556.39743269421,368.223827766036,55278.3862893872,92703.6088438379,6890.61757959923,13741.86246251,1976.0456520016,3476.05189462941,455.019274573635,832.663538183214,9827.60288328837,13306.547399368,2085.83492670106,2844.88763980788,307.900639189542,409.21795881531
9950,134460.913635955,16017.9263839767,4981.4757123175,1542.27560506653,364.964062123306,54658.4691676997,91558.0406399872,6826.01851347774,13592.965567892,1956.75723982173,3437.11923811815,450.657143876384,823.735059441047,9672.47342642853,13092.271155877,2055.75584446969,2803.04116614119,301.805855600922,401.102122552451
10000,133638.576959391,15906.147501196,4939.98146248789,1528.34352662594,361.748647005486,54047.7801534999,90431.173899065,6762.23286542569,13446.2326187182,1937.72646249923,3398.78639222029,446.355490912103,814.942802315672,9520.45241862362,12882.3654720609,2026.23124569838,2761.98065118369,295.859017282504,393.18369724855
10050,132823.250548803,15795.4649074629,4898.99873198238,1514.5978271422,358.57677022965,53446.1482460057,89322.6297104752,6699.24779334535,13301.6242235607,1918.94895910009,3361.04161455112,442.113220729753,806.284076461314,9371.46446803117,12676.7225993107,1997.24870155788,2721.68815857264,290.055876324438,385.457002451952
10100,132014.857836896,15685.8647666535,4858.5191865528,1501.03521069407,355.447638273154,52853.4062317499,88232.0383202162,6637.05069866644,13159.1018515609,1900.42045796244,3323.87344116224,437.929262806062,797.756256643228,9225.4363264823,12475.2379000258,1968.79611089162,2682.1462331222,284.392325469803,377.91654621605
10150,131213.323275327,15577.333455971,4818.53466052817,1487.6524537151,352.360475758717,52269.3905870993,87159.0388741372,6575.62922095974,13018.6278105169,1882.13677455494,3287.27067879759,433.802570398721,789.356780874647,9082.29681964512,12277.8097447761,1940.86169029347,2643.33788600318,278.864392844376,370.557018019966
10200,130418.57231873,15469.8575620637,4779.03715274703,1474.44640309906,349.314524956083,51693.9413836301,86103.2791693815,6514.97123268669,12880.1652256074,1864.09380939406,3251.22239739624,429.73211991939,781.083148615192,8941.97677975023,12084.3394132905,1913.43396452455,2605.24658043764,273.46823690664,363.373281985755
10250,129630.53140902,15363.4238772233,4740.01882260364,1461.41397436286,346.309045299618,51126.9021962656,85064.4154137218,6455.06483408124,12743.6780187321,1846.28754601837,3215.71792283323,425.716910325802,772.932919028432,8804.408980774,11894.7309991133,1886.50175725611,2567.85621788842,268.200141607879,356.360370378439
10300,128849.127959989,15258.0193956641,4701.47198620442,1448.55214986513,343.343312921302,50568.1200140866,84042.1119925093,6395.89834816007,12609.1308884471,1828.71404901814,3180.74682988996,421.755962532337,764.903709296412,8669.52807597957,11708.8913177768,1860.0541821262,2531.15112472464,263.05651175274,349.51347737587
10350,128074.290342169,15153.6313098783,4663.38911263125,1435.85797707841,340.416620198518,50017.4451537276,83036.0412429648,6337.4603158576,12476.4892904777,1811.36946211848,3146.29893544579,417.848318838396,756.993192989032,8537.27053772062,11526.729818348,1834.08063409831,2495.11603934488,258.033868551087,342.827953096075
10400,127305.947867976,15050.2470070679,4625.76282030807,1423.32856691313,337.528275316132,49474.7311752727,82045.8832355547,6279.73949128236,12345.7194187883,1794.2500063144,3112.36429188318,413.993042373988,749.199098486269,8407.57459941651,11348.1584982091,1808.57078111053,2459.73609974047,253.128845352475,336.29929787034
10450,126544.030777111,14947.8540656507,4588.58587346769,1410.96109209175,334.677601842329,48939.8348005735,81071.3255622016,6222.72483709118,12216.788187193,1777.35197805633,3078.93318069875,410.189216561936,741.519207451291,8280.38019961207,11173.0918209432,1783.51455600444,2424.99683148233,248.338183554949,329.923156750901
10500,125788.470222229,14846.4402518378,4551.85117871563,1398.75278557111,331.863938317721,48412.6158339075,80112.0631310906,6166.40551997809,12089.6632114886,1760.67174748429,3045.99610631305,406.435944596135,733.951353352607,8155.62892803852,11001.4466371973,1758.90214872335,2390.88413611515,243.658728680346,323.695314242634
10550,125039.198254853,14745.9935162828,4515.55178168786,1386.70093901165,329.086637857255,47892.9370849049,79167.7979678419,6110.77090627455,11964.3127920934,1744.20575670959,3013.54379007197,402.732348935318,726.493420033492,8033.26397359619,10833.1421084044,1734.72399876975,2357.38427994366,239.087426608598,317.611689248674
10600,124296.147811552,14646.5019907982,4479.68086379968,1374.80290129162,326.345067764458,47380.6642936685,78238.2390228273,6055.81055765803,11840.7058971764,1727.95051814228,2981.56716443328,399.077570811815,719.14334032694,7913.2300741829,10668.0996332485,1710.97078791248,2324.48388319615,234.621319963956,311.668330220384
10650,123559.252700347,14547.9539851411,4444.23173908281,1363.0560770651,323.638609157592,46875.6660580189,77323.1019844198,6001.51422696599,11718.8121462608,1711.90261286321,2950.0573673317,395.470769754793,711.899094714539,7795.47346829515,10506.2427767645,1687.63343313442,2292.16990955119,230.257544646362,305.861410502568
10700,122828.447587373,14450.3379838631,4409.19785110794,1351.457925362,320.966656607287,46377.8137627953,76422.1090979696,5947.87185411217,11598.6017942866,1696.05868903932,2919.00573671649,391.911123127492,704.758710027674,7679.94184833263,10347.4972019663,1664.70307981183,2260.42965601404,225.993326501553,300.18722386526
10750,122103.667983765,14353.6426432252,4374.57276999025,1340.00595822899,318.328617785271,45886.9815111491,75534.9889903119,5894.87356210258,11480.0457161184,1680.41546038071,2888.40380525539,388.397825678001,697.720258189548,7566.58431553936,10191.7906039053,1642.1710951169,2229.25074312958,221.825978123767,294.642180213829
10800,121384.85023278,14257.8567881752,4340.35018947521,1328.6977394098,315.72391312378,45403.0460577654,74661.4764996156,5842.50965314836,11363.1153914844,1664.9697046385,2858.2432951994,384.930089103115,690.781854996575,7455.35133651773,10039.0526460605,1620.02906163534,2198.62110551955,217.75289578524,289.222801469585
10850,120671.931497141,14162.9694093863,4306.52392410229,1317.53088306359,313.151975485304,44925.8867439523,73801.3125103924,5790.77060487283,11247.7828903331,1649.71826214206,2828.51611340284,381.507141624848,683.941658937743,7346.19470125442,9889.2148989716,1598.26877119131,2168.528982732,213.771556486938,283.925717613374
10900,119964.849746609,14068.9696603557,4273.08790644423,1306.50305252029,310.612249842298,44455.3854345407,72954.2437934889,5739.64706661024,11134.0208585934,1634.65803437456,2799.21434649332,378.128227579174,677.19787005062,7239.06748259984,9742.21078102465,1576.88221887201,2138.96291039146,209.879515125256,278.74766288508
10950,119263.543745762,13975.8468545621,4240.03618441946,1295.61195907148,308.104192966515,43991.4264565354,72120.0228508963,5689.12985579374,11021.8025043285,1619.78598258561,2770.33025618662,374.792607016616,670.548728812701,7133.92399714504,9597.97550130832,1555.86159724499,2109.91171163898,206.074401769648,273.685472132252
11000,118567.953041998,13883.5904626795,4207.36291867565,1284.85536079593,305.627273127637,43533.896539466,71298.4077652117,5639.20995443002,10911.1015842685,1605.09912644008,2741.85627474161,371.499555314272,663.992515066872,7030.71976744266,9456.44600445912,1535.19929076099,2081.36448885128,202.353919046406,268.736077301387
11050,117878.017953738,13792.1901098478,4175.06238004209,1274.23106141835,303.180969800877,43082.6847573827,70489.1620535979,5589.87850565843,10801.8923907113,1590.5945427018,2713.78500055034,368.248362798923,657.527546979795,6929.4114855205,9317.56091741928,1514.88787033596,2053.31061562911,198.71583962401,263.896504065752
11100,117193.679558839,13701.6355729974,4143.12894704889,1263.73690920056,300.764773383258,42637.6824724463,69692.0545260893,5541.1268103923,10694.1497387806,1576.26936395131,2686.10919385897,365.038334380861,651.152180032082,6829.95697763862,9181.26049803343,1494.92008810562,2025.73972904483,195.158003795723,259.163868583856
11150,116514.8796832,13611.9167782276,4111.55710351107,1253.3707958639,298.378184918269,42198.7832800649,68906.8591480999,5492.94632404009,10587.8489540303,1562.12077733664,2658.82177261502,361.868789198086,644.864806039151,6732.31517024282,9047.48658541355,1475.28887234663,1998.64172214008,191.678317155255,254.535374383007
11200,115841.560889576,13523.0237982366,4080.3414361755,1243.13065554188,296.020715828615,41765.8829555277,68133.3549069931,5445.32865330446,10482.9658603833,1548.14602335601,2631.91580843676,358.739060270541,638.663852201709,6636.44605706942,8916.18255200462,1455.98732255838,1972.0067366645,188.274748361576,250.008309362631
11250,115173.666466575,13434.9468498033,4049.47663242893,1233.01446376211,293.691887656791,41338.8794020917,67371.3256825802,5398.265553057,10379.4767683963,1534.34239467179,2605.3845227008,355.648494164072,632.547780184858,6542.31066735804,8787.29325728624,1437.0087046998,1945.82515604678,184.945326989076,245.580042912266
11300,114511.140417847,13347.6762913183,4018.95747806522,1223.02023645665,291.391231813226,40917.6726004757,66620.5601214167,5351.74892328677,10277.3584638402,1520.70723495457,2579.2212827438,352.596450663783,626.515085224836,6449.87103513083,8660.76500304816,1418.3464465757,1920.08759858996,181.688141459505,241.2480231394
11350,113853.927451459,13261.202620364,3988.7788551101,1213.14602899978,289.118289331722,40502.16455972,65880.8515147724,5305.77080612046,10176.5881965853,1507.23793775663,2553.4195981747,349.582302456517,620.564295262457,6359.09016949857,8536.54549018034,1399.99413336747,1894.78491088282,178.501337052241,237.009774202533
11400,113201.972969453,13175.5164713418,3958.93573970177,1203.38993527235,286.872610631979,40092.2592693693,65151.9976801548,5260.3233829126,10077.1436697843,1493.93194541392,2527.97311729376,346.605434822141,614.69397010235,6269.93202595526,8414.58377692051,1381.94550330307,1869.90816141989,175.383113989626,232.862893745062
11450,112555.223057577,13090.6086131471,3929.4232000256,1193.75008675196,284.65375528895,39687.8626529401,64433.8008462702,5215.39897140369,9979.00302934219,1480.78674797571,2502.87562361497,343.66524533339,608.90270059713,6182.36147862481,8294.83023850466,1364.19444346146,1845.4486344226,172.331725594246,228.805050425773
11500,111913.624475198,13006.4699468881,3900.23639430153,1184.22465162802,282.461291808795,39288.8825226323,63726.0675413101,5170.99002294455,9882.14485366629,1467.79988216119,2478.12103248843,340.761143563972,603.189107855652,6096.3442934246,8177.23652816799,1346.73498570692,1821.39782385458,169.345476515168,224.833981541945
11550,111277.124645381,12923.0915036509,3871.37056882253,1174.81183394103,280.294797411252,38895.2285352494,63028.6084844566,5127.08911978531,9786.54814368608,1454.96893034219,2453.70338781948,337.892550804699,597.551842474557,6011.84710211238,8061.75553944626,1329.56130274867,1797.74742762432,166.422721020288,220.947490741221
11600,110645.671645137,12840.4644423071,3842.82105604265,1165.50987274525,278.153857818175,38506.81214929,62341.2384805012,5083.68897242707,9692.19231313656,1442.29151955131,2429.61685888146,335.058899787379,591.98958379233,5928.83737718399,7948.34136972922,1312.66770432154,1774.48934196865,163.561861352082,217.143445818601
11650,110019.214195836,12758.5800473638,3814.58327271327,1156.31704129413,276.038067048067,38123.5465831759,61663.7763174779,5040.78241703485,9599.05717909647,1429.76532051478,2405.85573721909,332.259634416237,586.501039165117,5847.28340759115,7836.94928501998,1296.04863348357,1751.61565601075,160.761346144147,213.419776595048
11700,109397.701653786,12677.4297268565,3786.65271806618,1147.23164624768,273.947027216402,37745.3467745836,60996.0446672146,4998.36241291011,9507.12295277401,1417.3880467093,2382.41443363958,329.494209506625,581.084943263592,5767.15427524932,7727.53568585605,1279.69866302651,1729.11864648663,158.019668896073,209.774472874399
11750,108781.084000963,12597.0050102814,3759.02497204204,1138.25202690117,271.880348341557,37372.1293408459,60337.8699887082,4956.42204002132,9416.37023053287,1405.15745344217,2359.28747528857,326.762090530806,575.740057390177,5688.41983230712,7620.05807434932,1263.61249199545,1706.99077263439,155.335366504254,206.205582475356
11800,108169.311835904,12517.2975465684,3731.69569356312,1129.37655443452,269.837648156164,37003.8125403921,59689.0824342343,4914.95449659109,9326.77998515142,1393.07133695421,2336.46950280839,324.062753370578,570.465168815948,5611.05067914999,7514.47502230437,1247.78494231378,1685.22467124053,152.707017846392,202.711209335553
11850,107562.336364745,12438.2991020927,3704.6606188489,1120.60363118174,267.818551923719,36640.3162351968,59049.5157581055,4873.95309673842,9238.33355730844,1381.12753354459,2313.95526757584,321.395684076556,565.259090136581,5535.01814311153,7410.7461403758,1232.21095551007,1663.81315183801,150.133242417525,199.289511684753
11900,106960.109392417,12360.0015587247,3677.91555977336,1111.9316899198,265.822692260276,36281.5618542068,58419.0072279933,4833.41126817461,9151.01264728852,1369.32391871724,2291.73962901712,318.760378633876,560.120658646733,5460.29425786734,7308.83204822696,1216.88558954331,1642.74919205087,147.612699015506,195.938700284418
11950,106362.583313984,12282.3969119171,3651.45640226283,1103.35919317627,263.849708961066,35927.4723577189,57797.3975387338,4793.32254995151,9064.79930690108,1357.658406348,2269.81755199738,316.156342734157,555.048735732238,5386.851743487,7208.69434565395,1201.80401572334,1622.02593308044,145.144084473954,192.657036730979
12000,105769.711106125,12205.4772688286,3625.27910473322,1094.88463255538,261.899248831886,35577.972202679,57184.5307285391,4753.68059026073,8979.67593160654,1346.12894787213,2248.18410428264,313.583091553511,550.042206279567,5314.66398712082,7110.29558464027,1186.96151572318,1601.63667532832,142.7261324408,189.442831820269
12050,105181.446318759,12129.2348464835,3599.37969656558,1086.50652808166,259.970965525108,35232.9873088776,56580.2540975392,4714.47914428256,8895.62525284388,1334.73353149145,2226.83445407175,311.040149536427,545.09997810198,5243.70502429888,7013.59924230868,1172.35347868028,1581.5748741516,140.357612200596,186.294443970685
12100,104597.74306681,12053.6619699655,3573.75427661879,1078.22342756088,258.06451938016,34892.4450260146,55984.4181285815,4675.71207208329,8812.63033055373,1323.47018140077,2205.76386759623,308.527050185351,540.220981381843,5173.94952082088,6918.56969473835,1157.97539838374,1561.83413574569,138.037327538881,183.210277702754
12150,104018.556022105,11978.7510706469,3548.39901177856,1070.03390595762,256.179577268349,34556.2741016091,55396.8764102178,4637.37333655973,8730.67454589139,1312.33695703284,2184.96770678593,306.043335855796,535.4041681286,5105.3727552159,6825.1721916165,1143.8228705446,1542.40821315075,135.764115646923,180.18878217287
12200,103443.840405407,11904.49468445,3523.31013554148,1061.93656478907,254.315812441879,34224.404649729,54817.4855618123,4599.45700142975,8649.74159412433,1301.3319523216,2164.44142699841,303.588557556808,530.648511651885,5037.95060175224,6733.372831695,1129.89159014658,1523.29100237734,133.536846065276,177.228449759091
12250,102873.551978582,11830.8854501424,3498.48394663344,1053.93003153447,252.472904386947,33896.7681205175,54246.1051607034,4561.95722926764,8569.81547770901,1290.45329498298,2144.18057481013,301.162274756636,525.953006049314,4971.65951397817,6643.13853902347,1116.17734887447,1504.4765386475,131.354419664621,174.32781469693
12300,102307.647036888,11757.9161076631,3473.91680766119,1046.01295905989,250.650538680778,33573.2972704942,53682.5976713568,4524.86827958325,8490.88049954189,1279.69914581291,2124.1807858675,298.764055193456,521.316665708488,4906.47650877502,6554.43703993165,1102.67603261783,1485.95899274734,129.215767662439,171.485451763216
12350,101746.0824014,11685.5794964814,3449.60514379635,1038.18402505775,248.848406852492,33253.9261336073,53126.8283764503,4488.18450694373,8412.92125637966,1269.06769800208,2104.43778279604,296.393474690984,516.738524822752,4842.37915090504,6467.23684073479,1089.38361904735,1467.73266748748,127.119850674132,168.699975006138
12400,101188.815411549,11613.8685539852,3425.54544149084,1030.44193150068,247.066206247673,32938.5899930172,52578.665309829,4451.90035913679,8335.92263242401,1258.55717646692,2084.94737316577,294.050116978856,512.217636920289,4779.34553803688,6381.50720613669,1076.2961752617,1449.79199426785,125.065657797262,165.970036519696
12450,100635.803917788,11542.7763139001,3401.73424722299,1022.78540410942,245.303639896537,32627.2253535893,52037.9791912757,4416.01037537459,8259.86979306625,1248.16583719648,2065.70544751128,291.733573517616,507.753074406137,4717.35428623225,6297.21813830638,1063.40985550238,1432.1315297433,123.052205727623,163.29432526084
12500,100087.006274379,11472.2959047379,3378.16816627342,1015.21319183417,243.560416385587,32319.7699150779,51504.6433630408,4380.5091845371,8184.74817878736,1237.89196661465,2046.70797740464,289.44344332819,503.343928116714,4656.38451587804,6214.34035660482,1050.72089893464,1414.74595258684,121.078537905937,160.671565907653
12550,99542.3813322931,11402.4205482735,3354.84386152987,1007.72406634915,241.836249732647,32016.1625459792,50978.5337280787,4345.39150345401,8110.54349920907,1227.73388095741,2027.95101357968,287.179332825712,498.989306886473,4596.41583804866,6132.84527793934,1038.22562749205,1397.63006034728,119.143723693992,158.100517757018
12600,99001.888432227,11333.1435580504,3331.75805232029,1000.31682155988,240.130859265176,31716.3432580369,50459.5286899394,4310.65213522427,8037.24172729182,1217.68992566476,2009.43068410614,284.940855657572,494.688337126314,4537.42834128394,6052.70499772421,1025.92044378295,1380.77876639822,117.24685757911,155.579973660249
12650,98465.4873977347,11264.4583379133,3308.90751327335,992.990273122901,238.443969501763,31420.2531813814,49947.5090942651,4276.28596757229,7964.82909367557,1207.75847478671,1991.14319261197,282.727632545573,490.440162413391,4479.40257876862,5973.89227142648,1013.80182905664,1364.1870969754,115.387058405868,153.108758995257
12700,97933.1385284671,11196.3583805686,3286.2890732057,985.743257977532,236.77531003671,31127.8345402842,49442.3581718443,4242.28797123988,7893.29208115932,1197.93793040328,1973.08481655269,280.53929113207,486.243943091956,4422.31955589969,5896.38049667718,1001.86634122747,1347.85018829959,113.563468634042,150.685730673853
12750,97404.8025935229,11128.8372661702,3263.89961403513,978.574633889337,235.124615427605,30839.0306295114,48943.9614831772,4208.6531984132,7822.61741931577,1188.22672205789,1955.25190552604,278.37546582998,482.098855884923,4366.16071822874,5820.14369592855,990.110612954965,1331.76328378232,111.775253621778,148.309776182878
12800,96880.4408249042,11061.8886609324,3241.73606971918,971.483279004948,233.491625085809,30553.78579126,48452.2068645061,4175.3767811836,7752.79207923725,1178.62330620388,1937.64087963092,276.235797676559,478.004093515803,4310.9079397666,5745.15649963887,978.531349778278,1315.92173131163,110.021600933059,145.979812657872
12850,96360.0149110794,10995.5063157674,3219.79542521831,964.46809141795,231.87608316975,30272.0453926586,47966.9843752697,4142.45393004184,7683.80326840934,1169.12616566385,1920.248227869,274.119934190823,473.958864340716,4256.54351163817,5671.39412996695,967.125328303175,1300.32098061554,108.301719668552,143.694785988078
12900,95843.4869906471,10929.6840649475,3198.07471548302,957.527988745501,230.277738480968,29993.7558038208,47488.1862469364,4109.87993240463,7615.63842570873,1159.73380910143,1903.07050658804,272.027529234528,469.962391990165,4203.0501310759,5598.83238495923,955.889394439972,1284.95658070049,106.614839818957,141.453669951603
12950,95330.8196461024,10864.4158247926,3176.57102446445,950.661907715383,228.696344362809,29718.864376432,47015.706833179,4077.65015117282,7548.28521652192,1150.44477050518,1886.10433796544,269.958242876598,466.013915020281,4150.41089074051,5527.44762321279,944.820461690787,1269.82417736261,104.960211640033,139.255465379616
13000,94821.9758977025,10799.6955923806,3155.28148414757,943.868803763197,227.131658601696,29447.3194228583,46549.4425613488,4045.76002332046,7481.73152798152,1141.25760868433,1869.34640853104,267.911741260903,462.112686573256,4098.60926835828,5457.21674899854,933.915509484596,1254.91951076933,103.3371050485,137.099199348511
13050,94316.9191974293,10735.5174442814,3134.20327360665,937.147650639417,225.583443330913,29179.0701957615,46089.2918852132,4014.20505851403,7415.96546431684,1132.17090677597,1852.79346772787,265.887696477297,458.257974046695,4047.62911666443,5388.11719782906,923.171581558596,1240.23841310931,101.744809038037,134.983924398995
13100,93815.6134230484,10671.8755353142,3113.33361808226,930.497440026031,224.051464936811,28914.0668682066,45635.155238918,3982.98083776097,7350.97534231589,1123.18327176355,1836.44232650992,263.885786435829,454.449058771609,3997.45465364243,5320.12692245648,912.585784384439,1225.77680630827,100.182631114648,132.908717781122
13150,93318.022872262,10608.7640973264,3092.66978807922,923.917181162494,222.535493967387,28652.260514249,45186.934992141,3952.08301208703,7286.74968689562,1114.2933340062,1820.28985597565,261.905694744021,450.685235698802,3948.07045304976,5253.22437928604,902.155285637962,1211.530699809,98.6498967506856,130.872680724306
13200,92824.1122569539,10546.1774379954,3072.20909848508,917.405900480747,221.035305043141,28393.6030899887,44744.5354064002,3921.50730124154,7223.27722677754,1105.49974677879,1804.33298603643,259.947110587156,446.965813093412,3899.46143522055,5187.38851519166,891.877312711055,1197.49618841323,97.1459488568455,128.874937731423
13250,92333.846697526,10484.1099396508,3051.94890770858,910.962641249041,219.550676770178,28138.047415077,44307.8625924853,3891.24949243011,7160.54689026601,1096.80118582231,1788.56870411874,258.009728611461,443.290112237348,3851.61285813635,5122.59875472031,881.749151264401,1183.66945018368,95.6701472714892,126.914635896097
13300,91847.1917173232,10422.5560581187,3031.8866168374,904.58646322434,218.081391655461,27885.5471546663,43876.8244689782,3861.30543907391,7098.54780112628,1088.19634890436,1772.9940538992,256.093248810134,439.657467139402,3804.51030875604,5058.83498767239,871.768143819814,1170.04674440419,94.2218682666589,124.990944242359
13350,91364.1132371464,10361.5103215863,3012.01966881495,898.276442313044,216.627236024175,27636.0568017893,43451.330721833,3831.67105959515,7037.26927455979,1079.68395538956,1757.6061340716,254.197376412113,436.067224252814,3758.13969459682,4996.07755704595,861.931688390984,1156.62440959644,92.8005040701872,123.103053085842
13400,90884.5775698512,10300.9673294861,2992.3455476356,892.031670239831,215.187999939131,27389.531660156,43031.2927649837,3802.34233622792,6976.70081327408,1071.26274581946,1742.40209714488,252.32182177353,432.518742200069,3712.48723555794,4934.3072473327,852.23723715145,1143.39886159117,91.4054624033205,121.250173415762
13450,90408.5514150313,10240.9217514007,2972.86177755779,885.851254224378,213.763477122153,27145.9278273586,42616.6237019523,3773.3153138539,6916.83210364481,1062.93148150193,1727.37914827121,250.466300271767,429.011391504716,3667.53945597956,4873.50527315465,842.682295138688,1130.36659165253,90.0361660333022,119.431536296922
13500,89936.0018537845,10181.3683259868,2953.56592233476,879.734316665759,212.3534648774,26905.2021784731,42207.2382884259,3744.58609886239,6857.65301196748,1054.68894410962,1712.53454410342,248.630532202039,425.544554330006,3623.28317692915,4813.65326823012,833.264418993204,1117.52416465371,88.6920523403802,117.646392291026
13550,89466.8963435609,10122.3018599181,2934.45558446228,873.679994834304,210.957764016562,26667.3123500457,41803.0528957785,3716.15085803394,6799.15358079652,1046.53393528728,1697.86559168082,246.814242676455,422.117624224158,3579.70550870819,4754.73327465871,823.981215731606,1104.86821730246,87.3725728987262,115.89401089662
13600,89001.2027130905,10063.7172268468,2915.52840444307,867.687440570727,209.576178785873,26432.2167244562,41403.9854755083,3688.0058174472,6741.32402536938,1038.46527626786,1683.36964734271,245.017161525463,418.730005872054,3536.79384357213,4696.72773251484,814.830341552603,1092.39545641486,86.0771930707731,114.173680006997
13650,88538.88915739,10005.6093663835,2896.7820600674,861.755819992319,208.208516794907,26199.8744146464,41009.9555245668,3660.1472614084,6684.15473011348,1030.48180749699,1669.04411566876,243.239023201636,415.381114853185,3494.53584865696,4639.61946974004,805.809500674974,1080.1026572359,84.8053916144967,112.484705385422
13700,88079.9242328465,9947.97328309515,2878.21426570955,855.884313206029,206.854588947088,25970.245249205,40620.884051553,3632.57153140277,6627.63624523388,1022.58238826573,1654.88644844549,241.479566685725,412.070377405671,3452.91945910575,4583.39169232446,796.916444206536,1067.98666180554,83.5566603031862,110.826410157082
13750,87624.2768523774,9890.80404552011,2859.82277163962,850.072114028227,205.514209371881,25743.2897578,40236.6935437492,3605.27502506772,6571.7592833795,1014.76589635142,1640.89414365822,239.738535394927,408.797230196175,3411.932871389,4528.0279747684,788.148969043206,1056.04437736877,82.3305035572636,109.198134317153
13800,87171.9162806648,9834.09678520085,2841.60536335046,844.318429711008,204.18719535861,25518.9691569478,39857.3079349749,3578.25419518694,6516.51471638586,1007.03122766628,1627.06474450764,238.015677093296,405.561120095556,3371.56453681259,4473.51225081496,779.504916797242,1044.27277482843,81.1264380877334,107.599234254436
13850,86722.8121294635,9777.8466957333,2823.55986089918,838.622480674822,202.873367291862,25297.2453361126,39482.6525742365,3551.50554870515,6461.89357209243,999.377295913763,1613.39583845046,236.310743804254,402.36150396008,3331.80315520759,4419.82880444524,770.98217275383,1032.66888723942,79.9439925508537,106.029082290017
13900,86276.9343529806,9722.04903183276,2805.68411826303,832.983500247296,201.572548588428,25078.0808441255,39112.6541951496,3525.02564576295,6407.88703123269,991.803032252309,1599.88505626337,234.623491725136,399.197848418063,3292.63766879613,4366.96226112786,762.578664855157,1021.2298083432,78.7827072136424,104.487066230408
13950,85834.2532433262,9666.69910841603,2787.97602270915,827.400734408065,200.284565635754,24861.4388759165,38747.2408861137,3498.81109875131,6354.48642439489,984.307384966429,1586.53007112973,232.953681143721,396.069629661757,3254.05725622808,4314.89757931481,754.29236271118,1009.95269114126,77.6421336298403,102.972588934702
14000,85394.7394260334,9611.79229969944,2770.433494178,821.873441539472,199.009247731838,24647.2832595503,38386.3420612177,3472.85857138527,6301.68322905184,976.889319144863,1573.3285977484,231.301076356694,392.976333244361,3216.05132678295,4263.62004217584,746.121276636297,998.834746506444,76.5218343259729,101.485067895221
14050,84958.3638556473,9557.32403831242,2753.05448467996,816.400892182959,197.746427026554,24435.5784435583,38029.8884318567,3447.16477779641,6249.46906665796,969.547816365686,1560.27839146396,229.66544558999,389.917453882006,3178.60951473221,4213.1152495641,738.063456711183,987.873241831047,75.4213824971609,100.023934831218
14100,84525.0978113804,9503.28981442637,2735.83697770498,810.982368801029,196.495938464354,24226.2894845604,37677.8119790408,3421.7264816436,6197.83569981176,962.281874388184,1547.37724741792,228.046560920969,386.892495260568,3141.72167385694,4163.36911020567,730.116991869031,977.065499710532,74.3403617123476,98.5886352951749
14150,84094.9128928343,9449.68517489849,2718.77898764475,805.617165544612,195.257619728315,24019.3820351668,37330.0459263757,3396.54049524177,6146.77502948229,955.09050685132,1534.62299972022,226.444198202373,383.900969847186,3105.37787211603,4114.36783410622,722.280009005522,966.408896661888,73.2783656286203,97.1786282912649
14200,83667.7810157866,9396.5057224303,2701.87855922728,800.30458802571,194.031311185493,23814.8223321553,36986.5247136986,3371.60367870806,6096.27909229769,947.97274297865,1522.01352064059,224.858136988026,380.94239870635,3069.56838646044,4066.09792516788,714.550672111812,955.90086187557,72.2349977143161,95.7933859055645
14250,83243.6744080415,9343.74711474057,2685.13376696341,795.043953095171,192.816855833551,23612.5771849148,36647.1839713506,3346.91293912522,6046.34005789455,940.927627289523,1509.54671981904,223.28816046022,378.016311320434,3034.28369778898,4018.54617401008,706.927181429889,945.538876000059,71.2098709806141,94.4323929476195
14300,82822.5656053422,9291.40506375232,2668.54271460517,789.834588625476,191.614099248624,23412.6139641502,36311.9604950678,3322.46522972164,5996.95022632631,933.954219316421,1497.22054349523,221.734055358755,375.122245414556,2999.51448604133,3971.69965098792,699.407772629649,935.32046995809,70.2026077213271,93.0951466029764
14350,82404.4274473466,9239.47533479373,2652.1035346154,784.675833298399,190.42288953439,23214.9005908405,35980.7922214762,3298.25754906776,5948.10202552938,927.05159332828,1485.03297375599,220.195611911583,372.259746785642,2965.25162542421,3925.54569940208,691.99071600707,925.243223793624,69.2128392606155,91.7811560963105
14400,81989.233073662,9187.95374581258,2635.81438764876,779.567036397416,189.243077272319,23019.4055254448,35653.6182041725,3274.28694028853,5899.78800884548,920.218838059668,1472.9820278006,218.672623767015,369.428369135578,2931.48617976656,3880.07192889451,684.674315702888,915.304765548688,68.240205708359,90.4899423647938
14450,81576.9559199402,9136.83616660403,2619.67346204346,774.507557604747,188.07451547306,22826.0977573495,35330.3785903754,3250.55049029139,5852.00085259875,913.455056445661,1461.06575722337,217.164887927455,366.62767390835,2898.20939800003,3835.26620902409,677.45690894118,905.502770169201,67.2843557229271,89.2210377413587
14500,81167.5697140306,9086.11851805146,2603.67897332373,769.496766802914,186.917059528946,22634.9467945504,35011.0145981332,3227.04532900962,5804.73335372637,906.759365362292,1449.28224731306,215.672204684622,363.857230131049,2865.41270976079,3791.11666301692,670.336865287298,895.83495843897,66.3449462811032,87.9739856475273
14550,80761.0484721917,9035.79677138012,2587.82916371266,764.534043880694,185.770567167581,22445.9226535646,34695.4684940715,3203.76862866061,5757.9784274613,900.130895372446,1437.62961636861,214.194377556219,361.116614258653,2833.08772110923,3747.61166168601,663.312585924604,886.299095941048,65.4216424549239,86.7483402954868
14600,80357.366495358,8985.86694742335,2572.12230165515,759.61877854336,184.63489840648,22258.9958495659,34383.6835716671,3180.71760301871,5711.72910506584,893.568790477054,1426.10601503087,212.731213224007,358.405410022469,2801.22621036399,3704.73981751507,656.382502949472,876.892992045655,64.5141171952031,85.5436663991039
14650,79956.4983654633,8936.3251159011,2556.5566813508,754.750370127104,183.509915508746,22074.1373867381,34075.6041300352,3157.88950670238,5665.97853161477,887.072207871487,1414.70962562984,211.282521473264,355.723208282149,2769.82012404683,3662.48997890168,649.545078684043,867.614498923925,63.6220511215211,84.3595388935826
14700,79558.4189418188,8887.16739471061,2541.13062229644,749.928227417538,182.395482939737,21891.3187488407,33771.1754532139,3135.28163447537,5620.71996382696,880.640317707001,1403.43866154703,209.84811513358,353.069606881178,2738.86157293522,3620.85122455496,642.798805006249,858.461510586733,62.7451323184648,83.1955426634792
14750,79163.1033575438,8838.38994922889,2525.84246883812,745.151768472158,181.29146732472,21710.511889983,33470.343789936,3112.89132056144,5575.94676794398,874.272302857133,1392.29136659251,208.42781002096,350.444210505746,2708.34282821924,3579.81285804315,636.142202696594,849.431961947901,61.883056137914,82.0512722788
14800,78770.5270160511,8789.98899162687,2510.69058973232,740.420420446697,180.197737407469,21531.6892255994,33173.0563338726,3090.71593797256,5531.65241765493,867.967358688929,1381.26601439638,207.021424881203,347.846630546906,2678.25631776003,3539.36440248667,629.573820801256,840.52382791108,61.0355250071755,80.9263317389171
14850,78380.6655875825,8741.96078019494,2495.67337771608,735.733619425241,179.11416400979,21354.8236236222,32879.2612043377,3068.75289785014,5487.83049206608,861.724692838888,1370.36090781411,205.628781334521,345.276484965948,2648.59462244648,3499.49559539227,623.092236011038,831.735122479659,60.202248242774,79.8203342240447
14900,77993.4950057964,8694.30161867974,2480.7892490861,731.090810254045,178.040619991954,21179.8883958477,32588.9074274411,3046.99964881898,5444.47467371429,855.543524993504,1359.57437834556,204.249703821369,342.733398162881,2619.35047264759,3460.19638362416,616.696052055728,823.063897889039,59.3829418697162,78.7329018540324
14950,77608.9914644059,8647.00785563193,2466.03664328621,726.491446378928,176.976980214002,21006.8572894889,32301.9449176783,3025.45367635385,5401.5787466233,849.423086674329,1348.90478556722,202.884019549463,340.217000847964,2590.51674475738,3421.45691850812,610.38389911345,814.508243760658,58.57732844605,77.6636654542348
15000,77227.1314138653,8600.0758837647,2451.4140225034,721.934989686186,175.923121497914,20835.7044789123,32018.3244599457,3004.11250215819,5359.13659440162,843.362621027409,1338.35051657738,201.531558441943,337.726929916191,2562.08645783009,3383.26755106457,604.154433234595,806.066286277154,57.7851368925479,76.6122643282296
